page,chart,masked_text,bbox
1,Andromeda,ANDROMEDA,"(380.6152038574219, 408.0703125, 458.2672119140625, 421.0423278808594)"
1,Andromeda,ARIES,"(95.36318969726562, 567.38232421875, 128.24319458007812, 580.3543090820312)"
1,Andromeda,LACERTA,"(438.731201171875, 242.1942596435547, 489.5271911621094, 255.166259765625)"
1,Andromeda,PEGASUS,"(408.6951904296875, 546.5022583007812, 462.01116943359375, 559.4742431640625)"
1,Andromeda,TRIANGULUM,"(118.53518676757812, 450.71826171875, 197.11117553710938, 463.69024658203125)"
1,Andromeda,CASSIOPEIA,"(320.5907897949219, 272.59185791015625, 390.4187927246094, 285.5638427734375)"
1,Andromeda,PERSEUS,"(128.98678588867188, 267.2518310546875, 179.92678833007812, 280.22381591796875)"
1,Andromeda,PISCES,"(301.71478271484375, 582.4198608398438, 341.3027648925781, 595.391845703125)"
2,Antlia,ANTLIA,"(259.1156921386719, 399.28131103515625, 301.3196716308594, 412.2533264160156)"
2,Antlia,CRATER,"(110.43568420410156, 298.913330078125, 154.1396942138672, 311.88531494140625)"
2,Antlia,HYDRA,"(228.08367919921875, 315.641357421875, 268.4996643066406, 328.61334228515625)"
2,Antlia,PYXIS,"(452.7476806640625, 327.54534912109375, 485.49566650390625, 340.517333984375)"
2,Antlia,VELA,"(339.75567626953125, 488.8973388671875, 368.4356384277344, 501.86932373046875)"
2,Antlia,CENTAURUS,"(131.05320739746094, 498.68560791015625, 200.55722045898438, 511.6576232910156)"
3,Apus,APUS,"(210.52589416503906, 392.01568603515625, 240.78988647460938, 404.9877014160156)"
3,Apus,ARA,"(173.3618927001953, 216.8636932373047, 196.22189331054688, 229.835693359375)"
3,Apus,CHAMAE,"(374.9378967285156, 508.51171875, 430.077880859375, 521.4837036132812)"
3,Apus,LEON,"(387.06988525390625, 525.9837036132812, 417.9338684082031, 538.9556884765625)"
3,Apus,CIRCINUS,"(357.597900390625, 196.7637176513672, 413.5779113769531, 209.7357177734375)"
3,Apus,MUSCA,"(430.8699035644531, 380.55572509765625, 472.5459289550781, 393.5277099609375)"
3,Apus,OCTANS,"(178.16189575195312, 549.875732421875, 224.9138946533203, 562.8477172851562)"
3,Apus,TRIANGULUM,"(253.43789672851562, 245.3636932373047, 332.01385498046875, 258.335693359375)"
3,Apus,AUSTRALE,"(241.48880004882812, 293.49176025390625, 300.8888244628906, 306.4637451171875)"
3,Apus,CENTAURUS,"(416.17279052734375, 279.895751953125, 485.6767883300781, 292.86773681640625)"
3,Apus,PAVO,"(100.51278686523438, 328.44775390625, 130.7047882080078, 341.41973876953125)"
4,Aquarius,AQUARIUS,"(251.9149932861328, 431.91119384765625, 312.7549743652344, 444.8832092285156)"
4,Aquarius,CAPRICORNUS,"(390.74298095703125, 483.60723876953125, 475.0669860839844, 496.5792236328125)"
4,Aquarius,DELPHINUS,"(402.10699462890625, 243.4032440185547, 469.39093017578125, 256.375244140625)"
4,Aquarius,EQUULEUS,"(358.1629943847656, 291.24725341796875, 420.79095458984375, 304.21923828125)"
4,Aquarius,MICROSCOPIUM,"(347.59100341796875, 546.3312377929688, 442.29498291015625, 559.30322265625)"
4,Aquarius,PEGASUS,"(233.17100524902344, 247.6632537841797, 286.487060546875, 260.63525390625)"
4,Aquarius,PISCIS AUSTRINUS,"(232.31900024414062, 542.8992919921875, 340.5589904785156, 555.8712768554688)"
4,Aquarius,SCULPTOR,"(148.22299194335938, 498.0672607421875, 209.15899658203125, 511.0392761230469)"
4,Aquarius,PISCES,"(89.45610046386719, 317.99560546875, 129.04409790039062, 330.96759033203125)"
4,Aquarius,AQUILA,"(446.444091796875, 373.819580078125, 490.72406005859375, 386.7915954589844)"
4,Aquarius,CETUS,"(102.99209594726562, 427.6995849609375, 139.78408813476562, 440.6716003417969)"
5,Aquila,AQUILA,"(271.90032958984375, 385.0113525390625, 308.8003234863281, 395.82135009765625)"
5,Aquila,CAPRICORNUS,"(126.8989028930664, 564.8262329101562, 211.222900390625, 577.7982177734375)"
5,Aquila,DELPHINUS,"(122.15890502929688, 265.81024169921875, 189.44290161132812, 278.7822265625)"
5,Aquila,SCUTUM,"(397.8589172363281, 525.646240234375, 447.262939453125, 538.6182250976562)"
5,Aquila,SAGIT TA,"(306.49090576171875, 260.00225830078125, 355.4749450683594, 272.9742431640625)"
5,Aquila,VULPECULA,"(156.52691650390625, 220.2462615966797, 225.3829345703125, 233.21826171875)"
5,Aquila,OPHIUCHUS,"(425.9736022949219, 321.88531494140625, 496.6175537109375, 334.8572998046875)"
5,Aquila,SAGIT TARIUS,"(265.089599609375, 530.1453247070312, 341.94964599609375, 543.1173095703125)"
5,Aquila,AQUARIUS,"(94.13760375976562, 428.685302734375, 154.9775848388672, 441.6573181152344)"
5,Aquila,HERCULES,"(419.5176086425781, 279.16534423828125, 479.76959228515625, 292.1373291015625)"
6,Ara,ARA,"(238.81640625, 311.01220703125, 261.6764221191406, 323.98419189453125)"
6,Ara,NORMA,"(426.06439208984375, 389.78021240234375, 469.8763732910156, 402.752197265625)"
6,Ara,TELESCOPIUM,"(109.40838623046875, 416.54022216796875, 191.74037170410156, 429.51220703125)"
6,Ara,SCORPIUS,"(410.93359375, 227.8589324951172, 469.18157958984375, 240.8309326171875)"
6,Ara,PAVO,"(107.78961181640625, 525.6149291992188, 137.98162841796875, 538.5869140625)"
7,Aries,ARIES,"(313.77099609375, 417.31591796875, 346.6510009765625, 430.28790283203125)"
7,Aries,TAURUS,"(136.26699829101562, 430.8519287109375, 181.56700134277344, 443.82391357421875)"
7,Aries,TRIANGULUM,"(328.67498779296875, 293.72796630859375, 407.2509765625, 306.699951171875)"
8,Auriga,MANUAL,"(85.0, 292.5, 135.0, 317.5)"
8,Auriga,MANUAL,"(402.5, 312.5, 477.5, 350.0)"
8,Auriga,MANUAL,"(200.0, 417.5, 265.0, 447.5)"
8,Auriga,MANUAL,"(102.5, 530.0, 165.0, 560.0)"
9,Boötes,BOOTES,"(251.69090270996094, 363.94439697265625, 297.6988830566406, 376.9164123535156)"
9,Boötes,COMA,"(447.1348876953125, 419.660400390625, 481.9828796386719, 432.6324157714844)"
9,Boötes,BERENICES,"(432.78289794921875, 432.764404296875, 496.34686279296875, 445.7364196777344)"
9,Boötes,CORONA,"(111.65090942382812, 348.0084228515625, 161.9908905029297, 360.98040771484375)"
9,Boötes,BOREALIS,"(108.45890808105469, 361.1124267578125, 165.1949005126953, 374.08441162109375)"
9,Boötes,CANES,"(363.1708984375, 265.62841796875, 401.2589111328125, 278.60040283203125)"
9,Boötes,VENATICI,"(355.41888427734375, 278.732421875, 409.0228271484375, 291.70440673828125)"
9,Boötes,SERPENS,"(137.57089233398438, 594.3444213867188, 188.6428985595703, 607.31640625)"
9,Boötes,CAPUT,"(143.85888671875, 607.4484252929688, 182.35488891601562, 620.42041015625)"
9,Boötes,DRACO,"(194.54440307617188, 157.44969177246094, 235.29641723632812, 170.42169189453125)"
9,Boötes,URSA MAJOR,"(303.576416015625, 148.7136688232422, 379.69244384765625, 161.6856689453125)"
9,Boötes,HERCULES,"(91.58441162109375, 221.5416717529297, 151.83642578125, 234.513671875)"
9,Boötes,VIRGO,"(276.60040283203125, 627.1656494140625, 313.47637939453125, 640.1376342773438)"
10,Caelum,MANUAL,"(102.5, 235.0, 160.0, 267.5)"
10,Caelum,MANUAL,"(315.0, 245.0, 392.5, 277.5)"
10,Caelum,MANUAL,"(137.5, 302.5, 215.0, 335.0)"
10,Caelum,MANUAL,"(262.5, 377.5, 335.0, 410.0)"
10,Caelum,MANUAL,"(157.5, 500.0, 220.0, 535.0)"
10,Caelum,MANUAL,"(367.5, 500.0, 470.0, 537.5)"
11,Camelopardalis,CAMELOPARDALIS,"(257.3994140625, 460.32818603515625, 364.07940673828125, 473.3002014160156)"
11,Camelopardalis,CASSIOPEIA,"(397.5234069824219, 353.85223388671875, 467.3514099121094, 366.82421875)"
11,Camelopardalis,LYNX,"(200.50741577148438, 546.2122192382812, 229.00741577148438, 559.1842041015625)"
11,Camelopardalis,PERSEUS,"(441.25140380859375, 512.7442626953125, 492.1913757324219, 525.7162475585938)"
11,Camelopardalis,URSA,"(185.6033935546875, 276.500244140625, 216.05938720703125, 289.47222900390625)"
11,Camelopardalis,MINOR,"(180.93539428710938, 287.5042724609375, 220.72740173339844, 300.47625732421875)"
11,Camelopardalis,AURIGA,"(369.97509765625, 561.4053344726562, 414.4710998535156, 574.3773193359375)"
11,Camelopardalis,URSA,"(114.423095703125, 439.40130615234375, 144.87908935546875, 452.3733215332031)"
11,Camelopardalis,MAJOR,"(109.34709167480469, 450.40533447265625, 149.94308471679688, 463.3773193359375)"
11,Camelopardalis,DRACO,"(183.6990966796875, 341.67333984375, 224.45111083984375, 354.64532470703125)"
11,Camelopardalis,CEPHEUS,"(351.2311096191406, 248.79331970214844, 404.487060546875, 261.76531982421875)"
12,Cancer,CANIS,"(438.78369140625, 515.2315063476562, 474.0277099609375, 528.2034912109375)"
12,Cancer,MINOR,"(436.51568603515625, 528.3355102539062, 476.3076477050781, 541.3074951171875)"
12,Cancer,CANCER,"(306.01568603515625, 440.0035400390625, 352.8876953125, 452.97552490234375)"
12,Cancer,GEMINI,"(421.2156982421875, 339.87554931640625, 464.0676574707031, 352.8475341796875)"
12,Cancer,LEO,"(143.22369384765625, 232.7395477294922, 165.06370544433594, 245.7115478515625)"
12,Cancer,MINOR,"(134.24769592285156, 245.8435516357422, 174.03968811035156, 258.8155517578125)"
12,Cancer,LYNX,"(304.57470703125, 257.20953369140625, 333.07470703125, 270.1815185546875)"
12,Cancer,LEO,"(126.60270690917969, 407.92950439453125, 148.44271850585938, 420.9015197753906)"
12,Cancer,HYDRA,"(248.3787078857422, 561.5655517578125, 288.79473876953125, 574.5375366210938)"
13,Canes Venatici,BOOTES,"(102.68990325927734, 440.32330322265625, 148.69790649414062, 453.2953186035156)"
13,Canes Venatici,COMA,"(250.48190307617188, 518.3233032226562, 285.32989501953125, 531.2952880859375)"
13,Canes Venatici,BERENICES,"(236.12989807128906, 531.4273071289062, 299.6938781738281, 544.3992919921875)"
13,Canes Venatici,CANES,"(236.52589416503906, 431.55133056640625, 274.6138916015625, 444.5233154296875)"
13,Canes Venatici,VENATICI,"(228.76190185546875, 444.65533447265625, 282.3658752441406, 457.6273193359375)"
13,Canes Venatici,URSA,"(410.3338928222656, 266.91131591796875, 440.7899169921875, 279.88330078125)"
13,Canes Venatici,MAJOR,"(405.2579040527344, 280.01531982421875, 445.8539123535156, 292.9873046875)"
14,Canis Major,CANIS,"(293.67291259765625, 426.5, 328.91693115234375, 439.4720153808594)"
14,Canis Major,MAJOR,"(290.9969177246094, 439.60400390625, 331.5929260253906, 452.5760192871094)"
14,Canis Major,COLUMBA,"(417.26092529296875, 489.2120361328125, 474.8009033203125, 502.18402099609375)"
14,Canis Major,LEPUS,"(424.6289367675781, 326.91204833984375, 460.4609069824219, 339.884033203125)"
14,Canis Major,MONOCEROS,"(169.616943359375, 267.64404296875, 246.39292907714844, 280.61602783203125)"
14,Canis Major,PUPPIS,"(160.9889373779297, 491.51605224609375, 202.30494689941406, 504.488037109375)"
15,Canis Minor,CANIS,"(238.2899932861328, 379.89703369140625, 273.53399658203125, 392.8690185546875)"
15,Canis Minor,MINOR,"(236.00999450683594, 397.3690185546875, 275.8019714355469, 410.34100341796875)"
15,Canis Minor,CANCER,"(139.63800048828125, 300.86505126953125, 186.510009765625, 313.8370361328125)"
15,Canis Minor,GEMINI,"(297.41400146484375, 315.1690673828125, 340.2659606933594, 328.14105224609375)"
15,Canis Minor,MONOCEROS,"(345.6419982910156, 559.7770385742188, 422.41796875, 572.7490234375)"
15,Canis Minor,HYDRA,"(115.59960174560547, 442.23443603515625, 156.01559448242188, 455.2064208984375)"
16,Capricornus,AQUARIUS,"(215.35299682617188, 245.7187957763672, 276.1929931640625, 258.6907958984375)"
16,Capricornus,CAPRICORNUS,"(281.38897705078125, 429.48681640625, 365.7129821777344, 442.45880126953125)"
16,Capricornus,MICROSCOPIUM,"(249.2529754638672, 527.0587768554688, 343.95697021484375, 540.03076171875)"
16,Capricornus,PISCIS,"(117.56497192382812, 529.1947631835938, 154.30897521972656, 542.166748046875)"
16,Capricornus,AUSTRINUS,"(102.7209701538086, 542.2987670898438, 169.15298461914062, 555.270751953125)"
16,Capricornus,AQUILA,"(370.7030944824219, 271.80035400390625, 414.9830627441406, 284.7723388671875)"
16,Capricornus,SAGIT TARIUS,"(416.8670959472656, 523.0083618164062, 493.72711181640625, 535.9803466796875)"
17,Carina,CARINA,"(333.1518859863281, 363.27978515625, 377.3359069824219, 376.2518005371094)"
17,Carina,DORADO,"(436.639892578125, 472.79180908203125, 488.56390380859375, 485.7637939453125)"
17,Carina,MENSA,"(358.8678894042969, 542.3438110351562, 399.619873046875, 555.3157958984375)"
17,Carina,MUSCA,"(147.64389038085938, 551.1398315429688, 189.31988525390625, 564.11181640625)"
17,Carina,PICTOR,"(455.0838928222656, 413.17578125, 497.6118469238281, 426.1477966308594)"
17,Carina,VELA,"(170.85189819335938, 283.539794921875, 199.5319061279297, 296.51177978515625)"
17,Carina,VOLANS,"(284.9359130859375, 506.82379150390625, 332.035888671875, 519.7957763671875)"
17,Carina,PUPPIS,"(346.5151062011719, 231.9961395263672, 387.8310546875, 244.9681396484375)"
18,Cassiopeia,ANDROMEDA,"(303.93359375, 541.4815063476562, 381.5856018066406, 554.4534912109375)"
18,Cassiopeia,CAMELOPARDALIS,"(92.84159851074219, 234.30552673339844, 199.52159118652344, 247.27752685546875)"
18,Cassiopeia,CASSIOPEIA,"(211.6175994873047, 359.60955810546875, 281.445556640625, 372.58154296875)"
18,Cassiopeia,CEPHEUS,"(416.48162841796875, 299.33355712890625, 469.7375793457031, 312.3055419921875)"
18,Cassiopeia,PERSEUS,"(149.8939971923828, 458.58892822265625, 200.83399963378906, 471.5609130859375)"
19,Centaurus,ANTLIA,"(449.83538818359375, 381.65289306640625, 492.03936767578125, 394.6249084472656)"
19,Centaurus,CARINA,"(403.0409851074219, 559.3067016601562, 447.2250061035156, 572.2786865234375)"
19,Centaurus,CENTAURUS,"(294.81298828125, 386.78271484375, 364.3169860839844, 399.75469970703125)"
19,Centaurus,CIRCINUS,"(208.17298889160156, 531.9946899414062, 264.1530456542969, 544.9666748046875)"
19,Centaurus,CRATER,"(404.13299560546875, 245.3147430419922, 447.83697509765625, 258.2867431640625)"
19,Centaurus,CRUX,"(300.6929931640625, 495.82672119140625, 331.61700439453125, 508.7987365722656)"
19,Centaurus,CORVUS,"(306.02099609375, 252.59873962402344, 353.37298583984375, 265.57073974609375)"
19,Centaurus,LIBRA,"(139.42498779296875, 259.90673828125, 172.66500854492188, 272.87872314453125)"
19,Centaurus,MUSCA,"(273.4784851074219, 562.5840454101562, 315.1545104980469, 575.5560302734375)"
19,Centaurus,NORMA,"(112.198486328125, 492.04803466796875, 156.01048278808594, 505.02001953125)"
19,Centaurus,VELA,"(462.77850341796875, 470.196044921875, 491.4584655761719, 483.16802978515625)"
19,Centaurus,HYDRA,"(251.28219604492188, 295.48541259765625, 291.6982116699219, 308.4573974609375)"
20,Cepheus,CASSIOPEIA,"(136.32029724121094, 415.30963134765625, 206.14830017089844, 428.2816162109375)"
20,Cepheus,CEPHEUS,"(300.1802978515625, 447.49359130859375, 353.4362487792969, 460.4656066894531)"
20,Cepheus,LACERTA,"(264.6483154296875, 642.5176391601562, 315.4443054199219, 655.4896240234375)"
20,Cepheus,URSA MINOR,"(394.6803283691406, 221.47361755371094, 469.9923095703125, 234.44561767578125)"
20,Cepheus,CYGNUS,"(440.0498046875, 549.9863891601562, 487.9178466796875, 562.9583740234375)"
20,Cepheus,ANDROMEDA,"(109.8577880859375, 632.0064086914062, 187.509765625, 644.9783935546875)"
20,Cepheus,CAMELOPARDALIS,"(114.10578918457031, 216.0743865966797, 220.78578186035156, 229.04638671875)"
20,Cepheus,DRACO,"(460.59381103515625, 354.39837646484375, 501.3458251953125, 367.3703918457031)"
21,Cetus,CETUS,"(309.1474914550781, 390.91802978515625, 345.9394836425781, 403.8900146484375)"
21,Cetus,ERIDANUS,"(118.65950012207031, 413.238037109375, 178.65948486328125, 426.21002197265625)"
21,Cetus,FORNAX,"(189.09950256347656, 495.58203125, 236.84750366210938, 508.55401611328125)"
21,Cetus,PISCES,"(346.14349365234375, 261.53399658203125, 385.7314758300781, 274.5059814453125)"
21,Cetus,SCULPTOR,"(401.271484375, 529.1220092773438, 462.20745849609375, 542.093994140625)"
22,Chamaeleon,APUS,"(109.51029968261719, 417.46881103515625, 139.7742919921875, 430.4408264160156)"
22,Chamaeleon,CARINA,"(346.6903076171875, 222.2767791748047, 390.87432861328125, 235.248779296875)"
22,Chamaeleon,CHAMAELEON,"(197.9383087158203, 429.75677490234375, 280.25830078125, 442.7287902832031)"
22,Chamaeleon,CRUX,"(117.93431091308594, 178.90879821777344, 148.85830688476562, 191.88079833984375)"
22,Chamaeleon,MENSA,"(427.58233642578125, 487.77679443359375, 468.3343200683594, 500.7488098144531)"
22,Chamaeleon,MUSCA,"(138.77835083007812, 367.84881591796875, 180.454345703125, 380.82080078125)"
22,Chamaeleon,OCTANS,"(218.51834106445312, 591.2168579101562, 265.2703552246094, 604.1888427734375)"
22,Chamaeleon,VOLANS,"(413.05035400390625, 349.12884521484375, 460.15032958984375, 362.100830078125)"
23,Circinus,CIRCINUS,"(273.1200866699219, 459.853515625, 329.10009765625, 472.82550048828125)"
23,Circinus,CRUX,"(427.77606201171875, 429.1094970703125, 458.7000732421875, 442.0815124511719)"
23,Circinus,MUSCA,"(392.4600524902344, 478.34552001953125, 434.1360778808594, 491.3175048828125)"
23,Circinus,TRIANGULUM,"(147.9720458984375, 466.03350830078125, 226.54806518554688, 479.0054931640625)"
23,Circinus,AUSTRALE,"(157.56004333496094, 483.5054931640625, 216.96005249023438, 496.47747802734375)"
23,Circinus,CENTAURUS,"(407.03271484375, 336.95709228515625, 476.5367126464844, 349.9291076660156)"
23,Circinus,APUS,"(127.30072021484375, 570.537109375, 157.56471252441406, 583.5090942382812)"
23,Circinus,LUPUS,"(253.084716796875, 278.73309326171875, 290.14068603515625, 291.705078125)"
23,Circinus,NORMA,"(120.30471801757812, 331.1370849609375, 164.11671447753906, 344.10906982421875)"
24,Columba,CAELUM,"(435.93359375, 482.71783447265625, 483.8135986328125, 495.6898193359375)"
24,Columba,CANIS,"(156.40557861328125, 252.4738006591797, 191.6495819091797, 265.44580078125)"
24,Columba,MAJOR,"(153.72958374023438, 269.95782470703125, 194.32557678222656, 282.9298095703125)"
24,Columba,COLUMBA,"(352.089599609375, 323.60980224609375, 409.62957763671875, 336.5818176269531)"
24,Columba,LEPUS,"(310.3388977050781, 244.2065887451172, 346.1708679199219, 257.1785888671875)"
24,Columba,PICTOR,"(315.40289306640625, 525.4866333007812, 357.93084716796875, 538.4586181640625)"
24,Columba,PUPPIS,"(107.88690185546875, 511.24261474609375, 149.20289611816406, 524.214599609375)"
25,Coma Berenices,BOOTES,"(106.0625, 466.3409423828125, 152.07049560546875, 479.31292724609375)"
25,Coma Berenices,COMA BERENICES,"(235.11050415039062, 387.7529296875, 338.5864562988281, 400.72491455078125)"
25,Coma Berenices,CANES,"(330.7384948730469, 268.86895751953125, 368.8265075683594, 281.8409423828125)"
25,Coma Berenices,VENATICI,"(322.9864807128906, 281.97296142578125, 376.5904235839844, 294.9449462890625)"
25,Coma Berenices,VIRGO,"(328.7763977050781, 558.4326171875, 365.65240478515625, 571.4046020507812)"
25,Coma Berenices,LEO,"(452.77239990234375, 379.33258056640625, 474.61236572265625, 392.3045959472656)"
25,Coma Berenices,URSA,"(421.5244140625, 255.5646209716797, 451.9804382324219, 268.53662109375)"
25,Coma Berenices,MAJOR,"(416.44842529296875, 268.66864013671875, 457.04443359375, 281.640625)"
26,Corona Australis,ARA,"(379.845703125, 507.84967041015625, 402.7057189941406, 520.8216552734375)"
26,Corona Australis,CORONA,"(310.16168212890625, 399.90960693359375, 360.5016784667969, 412.8816223144531)"
26,Corona Australis,AUSTRALIS,"(303.5376892089844, 414.03363037109375, 367.1257019042969, 427.005615234375)"
26,Corona Australis,SAGIT TARIUS,"(111.08169555664062, 276.46563720703125, 187.9416961669922, 289.4376220703125)"
26,Corona Australis,TELESCOPIUM,"(115.91769409179688, 520.1976318359375, 198.2496795654297, 533.1696166992188)"
26,Corona Australis,SCORPIUS,"(422.2060852050781, 357.2451171875, 480.4540710449219, 370.21710205078125)"
27,Corona Borealis,CORONA,"(268.7734069824219, 376.63531494140625, 319.1134033203125, 389.6072998046875)"
27,Corona Borealis,BOREALIS,"(265.5814208984375, 394.1072998046875, 322.3174133300781, 407.07928466796875)"
27,Corona Borealis,HERCULES,"(115.10142517089844, 468.75927734375, 175.3534393310547, 481.7312927246094)"
27,Corona Borealis,BOOTES,"(358.5674133300781, 256.46441650390625, 404.5754089355469, 269.4364013671875)"
27,Corona Borealis,SERPENS,"(337.2674255371094, 488.18438720703125, 388.3393859863281, 501.1564025878906)"
27,Corona Borealis,CAPUT,"(343.555419921875, 505.65643310546875, 382.0514221191406, 518.62841796875)"
28,Corvus,CRATER,"(445.4198913574219, 348.02740478515625, 489.1238708496094, 360.9994201660156)"
28,Corvus,CORVUS,"(274.3838806152344, 398.70343017578125, 321.7358703613281, 411.6754150390625)"
29,Crater,CRATER,"(245.64840698242188, 405.27691650390625, 289.3523864746094, 418.2489013671875)"
29,Crater,CORVUS,"(134.42041015625, 407.952880859375, 181.77239990234375, 420.9248962402344)"
29,Crater,SEXTANS,"(426.2004089355469, 299.60491943359375, 477.4884033203125, 312.576904296875)"
29,Crater,HYDRA,"(421.01611328125, 530.9678344726562, 461.43212890625, 543.9398193359375)"
29,Crater,LEO,"(323.49212646484375, 252.30381774902344, 345.33209228515625, 265.27581787109375)"
29,Crater,VIRGO,"(133.43612670898438, 307.6478271484375, 170.31214904785156, 320.61981201171875)"
30,Crux,CENTAURUS,"(259.80859375, 252.50389099121094, 329.3125915527344, 265.47589111328125)"
30,Crux,CRUX,"(315.72857666015625, 366.44390869140625, 346.652587890625, 379.4158935546875)"
30,Crux,MUSCA,"(252.632568359375, 561.6478881835938, 294.30859375, 574.619873046875)"
30,Crux,CARINA,"(401.1142883300781, 525.8438110351562, 445.2983093261719, 538.8157958984375)"
31,Cygnus,CEPHEUS,"(182.9066925048828, 187.8716278076172, 236.16270446777344, 200.8436279296875)"
31,Cygnus,CYGNUS,"(266.918701171875, 324.8636474609375, 314.7867431640625, 337.83563232421875)"
31,Cygnus,DELPHINUS,"(240.23069763183594, 641.2316284179688, 307.5146179199219, 654.20361328125)"
31,Cygnus,LACERTA,"(108.33869934082031, 297.49163818359375, 159.13470458984375, 310.463623046875)"
31,Cygnus,LYRA,"(427.190673828125, 474.52764892578125, 455.0186767578125, 487.4996337890625)"
31,Cygnus,SAGIT TA,"(423.9866638183594, 621.3116455078125, 472.9706726074219, 634.2836303710938)"
31,Cygnus,VULPECULA,"(251.6546630859375, 594.9956665039062, 320.5105895996094, 607.9676513671875)"
31,Cygnus,DRACO,"(342.49798583984375, 228.3711395263672, 383.25, 241.3431396484375)"
31,Cygnus,PEGASUS,"(140.71798706054688, 628.1031494140625, 194.0339813232422, 641.0751342773438)"
32,Delphinus,AQUILA,"(431.8280944824219, 506.21881103515625, 476.1080627441406, 519.1907958984375)"
32,Delphinus,DELPHINUS,"(257.8760986328125, 332.7108154296875, 325.1600341796875, 345.6828308105469)"
32,Delphinus,EQUULEUS,"(155.3480987548828, 504.7308349609375, 217.97608947753906, 517.7028198242188)"
32,Delphinus,SAGIT TA,"(365.9600830078125, 345.32281494140625, 414.9441223144531, 358.2947998046875)"
32,Delphinus,VULPECULA,"(267.9080810546875, 289.51080322265625, 336.7640075683594, 302.4827880859375)"
32,Delphinus,PEGASUS,"(130.42039489746094, 363.64801025390625, 183.73638916015625, 376.6200256347656)"
33,Dorado,DORADO,"(275.7323913574219, 417.55670166015625, 327.6564025878906, 430.5287170410156)"
33,Dorado,HYDRUS,"(336.42840576171875, 548.4647216796875, 384.4044189453125, 561.4367065429688)"
33,Dorado,PICTOR,"(204.0924072265625, 273.85675048828125, 246.6204071044922, 286.8287353515625)"
33,Dorado,RETICULUM,"(361.61639404296875, 408.74871826171875, 429.17633056640625, 421.7207336425781)"
33,Dorado,VOLANS,"(126.35639953613281, 511.46875, 173.45640563964844, 524.4407348632812)"
33,Dorado,MENSA,"(225.34469604492188, 553.0830688476562, 266.0967102050781, 566.0550537109375)"
34,Draco,CEPHEUS,"(200.62449645996094, 265.54205322265625, 253.88050842285156, 278.5140380859375)"
34,Draco,DRACO,"(211.0764923095703, 398.4420166015625, 251.82850646972656, 411.4140319824219)"
34,Draco,URSA,"(385.18450927734375, 405.01800537109375, 415.6405334472656, 417.9900207519531)"
34,Draco,MAJOR,"(380.1085205078125, 416.02203369140625, 420.70452880859375, 428.9940185546875)"
34,Draco,URSA,"(332.780517578125, 341.21405029296875, 363.2365417480469, 354.18603515625)"
34,Draco,MINOR,"(328.1125183105469, 351.21002197265625, 367.90447998046875, 364.1820373535156)"
34,Draco,BOOTES,"(321.2734069824219, 521.9034423828125, 367.2814025878906, 534.8754272460938)"
34,Draco,HERCULES,"(178.9534149169922, 507.51544189453125, 239.20542907714844, 520.4874267578125)"
34,Draco,CANES,"(436.8934326171875, 476.555419921875, 474.9814453125, 489.5274353027344)"
34,Draco,VENATICI,"(429.14141845703125, 487.5594482421875, 482.745361328125, 500.53143310546875)"
34,Draco,LYRA,"(115.40142822265625, 467.2674560546875, 143.2294158935547, 480.23944091796875)"
34,Draco,CYGNUS,"(89.04942321777344, 352.04345703125, 136.91741943359375, 365.01544189453125)"
35,Equuleus,DELPHINUS,"(367.0321960449219, 294.91650390625, 434.3161315917969, 307.88848876953125)"
35,Equuleus,EQUULEUS,"(283.02020263671875, 455.20050048828125, 345.6481628417969, 468.1724853515625)"
35,Equuleus,PEGASUS,"(103.72270202636719, 324.93121337890625, 157.0386962890625, 337.9032287597656)"
35,Equuleus,AQUARIUS,"(259.470703125, 524.9952392578125, 320.3106994628906, 537.9672241210938)"
36,Eridanus,CAELUM,"(201.41360473632812, 457.8243408203125, 249.29360961914062, 470.79632568359375)"
36,Eridanus,CETUS,"(406.9376220703125, 316.69232177734375, 443.7296142578125, 329.664306640625)"
36,Eridanus,COLUMBA,"(133.6976318359375, 428.56829833984375, 191.23764038085938, 441.5403137207031)"
36,Eridanus,DORADO,"(195.3536376953125, 593.7123413085938, 247.2776336669922, 606.684326171875)"
36,Eridanus,ERIDANUS,"(281.15362548828125, 318.5643310546875, 341.15362548828125, 331.53631591796875)"
36,Eridanus,FORNAX,"(296.0456237792969, 420.39630126953125, 343.7936096191406, 433.3683166503906)"
36,Eridanus,HOROLOGIUM,"(279.0896301269531, 530.0162963867188, 361.841552734375, 542.98828125)"
36,Eridanus,LEPUS,"(108.713623046875, 329.12432861328125, 144.54562377929688, 342.0963134765625)"
36,Eridanus,ORION,"(120.59362030029297, 219.87632751464844, 159.04161071777344, 232.84832763671875)"
36,Eridanus,PHOENIX,"(429.73760986328125, 543.5283813476562, 482.29754638671875, 556.5003662109375)"
36,Eridanus,PICTOR,"(158.45361328125, 524.7603149414062, 200.9816131591797, 537.7322998046875)"
36,Eridanus,TAURUS,"(204.5814971923828, 207.7593231201172, 249.88150024414062, 220.7313232421875)"
37,Fornax,CAELUM,"(94.93209838867188, 534.1670532226562, 142.81210327148438, 547.1390380859375)"
37,Fornax,CETUS,"(349.236083984375, 260.67498779296875, 386.028076171875, 273.64697265625)"
37,Fornax,ERIDANUS,"(173.41207885742188, 277.12701416015625, 233.41207885742188, 290.0989990234375)"
37,Fornax,FORNAX,"(218.424072265625, 430.87103271484375, 266.1720886230469, 443.843017578125)"
37,Fornax,HOROLOGIUM,"(161.61607360839844, 566.2310180664062, 244.36805725097656, 579.2030029296875)"
37,Fornax,SCULPTOR,"(421.8554992675781, 450.9580078125, 482.7914733886719, 463.9300231933594)"
37,Fornax,PHOENIX,"(389.2275085449219, 563.3140258789062, 441.7874450683594, 576.2860107421875)"
38,Gemini,AURIGA,"(337.0356140136719, 265.95123291015625, 381.5316467285156, 278.9232177734375)"
38,Gemini,CANIS,"(160.46762084960938, 492.8592529296875, 195.7116241455078, 505.83123779296875)"
38,Gemini,MINOR,"(158.1876220703125, 505.9632568359375, 197.97962951660156, 518.9352416992188)"
38,Gemini,CANCER,"(91.39562225341797, 361.27923583984375, 138.2676239013672, 374.251220703125)"
38,Gemini,GEMINI,"(233.91961669921875, 346.92724609375, 276.7715759277344, 359.89923095703125)"
38,Gemini,MONOCEROS,"(266.5716247558594, 519.8952026367188, 343.34759521484375, 532.8671875)"
38,Gemini,ORION,"(449.48760986328125, 457.1112060546875, 487.93560791015625, 470.0832214355469)"
38,Gemini,TAURUS,"(449.32861328125, 329.16070556640625, 494.6286315917969, 342.1327209472656)"
38,Gemini,LYNX,"(119.8446044921875, 254.8927459716797, 148.3446044921875, 267.86474609375)"
39,Grus,GRUS,"(350.43609619140625, 385.8441162109375, 381.51611328125, 398.81610107421875)"
39,Grus,INDUS,"(351.912109375, 466.62811279296875, 388.860107421875, 479.60009765625)"
39,Grus,MICRO,"(443.07611083984375, 340.35211181640625, 487.1640930175781, 353.3240966796875)"
39,Grus,SCOPIUM,"(437.9761047363281, 353.45611572265625, 492.27606201171875, 366.4281005859375)"
39,Grus,PHOENIX,"(122.18411254882812, 509.09613037109375, 174.74412536621094, 522.068115234375)"
39,Grus,PISCIS,"(289.60809326171875, 300.82415771484375, 326.3520812988281, 313.796142578125)"
39,Grus,AUSTRINUS,"(274.76409912109375, 313.92816162109375, 341.19610595703125, 326.900146484375)"
39,Grus,SCULPTOR,"(143.32809448242188, 318.0081787109375, 204.26409912109375, 330.98016357421875)"
39,Grus,TUCANA,"(212.736083984375, 557.6242065429688, 260.98809814453125, 570.59619140625)"
40,Hercules,CORONA,"(436.8135070800781, 333.94140625, 487.15350341796875, 346.9134216308594)"
40,Hercules,BOREALIS,"(433.62152099609375, 347.04541015625, 490.3575134277344, 360.0174255371094)"
40,Hercules,HERCULES,"(312.43353271484375, 341.89739990234375, 372.6855163574219, 354.8694152832031)"
40,Hercules,LYRA,"(164.821533203125, 267.701416015625, 192.64952087402344, 280.67340087890625)"
40,Hercules,OPHIUCHUS,"(274.33355712890625, 592.9854125976562, 344.9775085449219, 605.9573974609375)"
40,Hercules,DRACO,"(281.7030944824219, 149.0542449951172, 322.4551086425781, 162.0262451171875)"
40,Hercules,BOOTES,"(453.8310852050781, 200.51023864746094, 499.8390808105469, 213.48223876953125)"
41,Horologium,CAELUM,"(126.26069641113281, 290.98394775390625, 174.1407012939453, 303.9559326171875)"
41,Horologium,DORADO,"(145.52069091796875, 520.4479370117188, 197.44468688964844, 533.419921875)"
41,Horologium,HOROLOGIUM,"(267.7406921386719, 371.91192626953125, 350.49261474609375, 384.8839111328125)"
41,Horologium,HYDRUS,"(258.2247009277344, 569.9359741210938, 306.2007141113281, 582.907958984375)"
41,Horologium,RETICULUM,"(232.0767059326172, 453.763916015625, 299.63671875, 466.7359313964844)"
41,Horologium,ERIDANUS,"(264.7690124511719, 256.86920166015625, 324.7690124511719, 269.8411865234375)"
42,Hydra,ANTLIA,"(327.4219055175781, 480.3125, 369.6258850097656, 493.2845153808594)"
42,Hydra,CANCER,"(456.4819030761719, 296.97650146484375, 503.3539123535156, 309.948486328125)"
42,Hydra,CRATER,"(268.1298828125, 398.8804931640625, 311.8338623046875, 411.85247802734375)"
42,Hydra,CORVUS,"(209.94187927246094, 400.344482421875, 257.29388427734375, 413.31646728515625)"
42,Hydra,HYDRA,"(330.60186767578125, 433.36846923828125, 371.01788330078125, 446.3404541015625)"
42,Hydra,PUPPIS,"(451.6578674316406, 483.2884521484375, 492.97381591796875, 496.26043701171875)"
42,Hydra,PYXIS,"(419.9058837890625, 440.76043701171875, 452.65386962890625, 453.732421875)"
42,Hydra,SEXTANS,"(334.2978820800781, 334.21240234375, 385.58587646484375, 347.1844177246094)"
42,Hydra,VIRGO,"(158.34188842773438, 362.22039794921875, 195.21791076660156, 375.1924133300781)"
42,Hydra,BOOTES,"(93.1050033569336, 308.17681884765625, 139.1129913330078, 321.1488037109375)"
43,Hydrus,HYDRUS,"(284.56451416015625, 391.041015625, 332.54052734375, 404.01300048828125)"
43,Hydrus,MENSA,"(176.51651000976562, 484.905029296875, 217.2685089111328, 497.87701416015625)"
43,Hydrus,OCTANS,"(389.20452880859375, 527.1930541992188, 435.95654296875, 540.1650390625)"
43,Hydrus,PHOENIX,"(432.33251953125, 247.6169891357422, 484.8924560546875, 260.5889892578125)"
43,Hydrus,RETICULUM,"(134.86453247070312, 265.38897705078125, 202.42454528808594, 278.3609619140625)"
43,Hydrus,HOROLOGIUM,"(161.0, 183.0386199951172, 243.7519989013672, 196.0106201171875)"
43,Hydrus,TUCANA,"(402.00799560546875, 378.1346435546875, 450.260009765625, 391.10662841796875)"
44,Indus,GRUS,"(126.50389862060547, 280.10260009765625, 157.58389282226562, 293.0745849609375)"
44,Indus,INDUS,"(260.2079162597656, 326.06256103515625, 297.1559143066406, 339.0345764160156)"
44,Indus,OCTANS,"(316.90789794921875, 558.694580078125, 363.659912109375, 571.6665649414062)"
44,Indus,PAVO,"(374.327880859375, 441.9825439453125, 404.5198669433594, 454.9545593261719)"
44,Indus,TELESCOPIUM,"(404.1598815917969, 348.92254638671875, 486.4918212890625, 361.8945617675781)"
44,Indus,TUCANA,"(155.7478790283203, 453.94659423828125, 203.9998779296875, 466.9185791015625)"
44,Indus,MICRO,"(280.6708984375, 245.1587371826172, 324.7588806152344, 258.1307373046875)"
44,Indus,SCOPIUM,"(275.5708923339844, 258.26275634765625, 329.870849609375, 271.2347412109375)"
44,Indus,SAGIT TARIUS,"(401.1988830566406, 229.61875915527344, 478.05889892578125, 242.59075927734375)"
45,Lacerta,ANDROMEDA,"(103.14649963378906, 385.46099853515625, 180.79847717285156, 398.4330139160156)"
45,Lacerta,CASSIOPEIA,"(159.03050231933594, 302.28900146484375, 228.85850524902344, 315.260986328125)"
45,Lacerta,CEPHEUS,"(251.23849487304688, 246.17698669433594, 304.49444580078125, 259.14898681640625)"
45,Lacerta,LACERTA,"(262.39849853515625, 392.48101806640625, 313.1944885253906, 405.4530029296875)"
45,Lacerta,CYGNUS,"(423.28759765625, 310.00543212890625, 471.1556396484375, 322.9774169921875)"
45,Lacerta,PEGASUS,"(140.20758056640625, 543.7654418945312, 193.52357482910156, 556.7374267578125)"
46,Leo,CRATER,"(134.5897979736328, 617.6162109375, 178.2938232421875, 630.5881958007812)"
46,Leo,HYDRA,"(397.4498291015625, 627.8641967773438, 437.8658447265625, 640.836181640625)"
46,Leo,LEO,"(292.62982177734375, 333.5281982421875, 314.46978759765625, 346.5002136230469)"
46,Leo,LEO MINOR,"(351.8138122558594, 150.4082489013672, 418.5097351074219, 163.3802490234375)"
46,Leo,SEXTANS,"(315.0218200683594, 471.876220703125, 366.309814453125, 484.8482360839844)"
46,Leo,VIRGO,"(125.59809875488281, 505.26568603515625, 162.47410583496094, 518.2376708984375)"
46,Leo,URSA,"(155.0220947265625, 151.3016815185547, 185.47808837890625, 164.273681640625)"
46,Leo,MAJOR,"(149.9460906982422, 164.4056854248047, 190.54208374023438, 177.377685546875)"
47,Leo Minor,LEO,"(238.94729614257812, 556.9771118164062, 262.8031311035156, 571.1464233398438)"
47,Leo Minor,LEO MINOR,"(225.52200317382812, 459.5791015625, 292.21795654296875, 472.5511169433594)"
47,Leo Minor,URSA MAJOR,"(207.9300079345703, 260.45111083984375, 284.0460205078125, 273.423095703125)"
47,Leo Minor,LYNX,"(450.1494140625, 385.60009765625, 478.6494140625, 398.5721130371094)"
48,Lepus,LEPUS,"(268.8774108886719, 464.150390625, 304.7093811035156, 477.1224060058594)"
48,Lepus,ORION,"(303.3721008300781, 272.35260009765625, 341.8200988769531, 285.3245849609375)"
48,Lepus,ERIDANUS,"(409.28411865234375, 261.7205810546875, 469.28411865234375, 274.69256591796875)"
48,Lepus,COLUMBA,"(304.5361328125, 530.820556640625, 362.07611083984375, 543.7925415039062)"
48,Lepus,CANIS,"(120.42013549804688, 458.92852783203125, 155.6641387939453, 471.9005432128906)"
48,Lepus,MAJOR,"(117.74413299560547, 469.93255615234375, 158.34011840820312, 482.904541015625)"
49,Libra,LIBRA,"(282.9364929199219, 454.6708984375, 316.1764831542969, 467.6429138183594)"
49,Libra,SCORPIUS,"(140.73648071289062, 552.4109497070312, 198.98448181152344, 565.3829345703125)"
49,Libra,VIRGO,"(408.76611328125, 240.1548309326172, 445.64208984375, 253.1268310546875)"
49,Libra,SERPENS,"(250.90611267089844, 221.21885681152344, 301.9780578613281, 234.19085693359375)"
49,Libra,CAPUT,"(257.1941223144531, 234.32286071777344, 295.69012451171875, 247.29486083984375)"
49,Libra,HYDRA,"(369.85009765625, 502.34283447265625, 410.26611328125, 515.3148193359375)"
49,Libra,CENTAURUS,"(366.2261047363281, 551.8668823242188, 435.7301025390625, 564.8388671875)"
49,Libra,OPHIUCHUS,"(122.39810180664062, 327.538818359375, 193.0421142578125, 340.5108337402344)"
49,Libra,LUPUS,"(252.0821075439453, 548.2188110351562, 289.1380920410156, 561.1907958984375)"
50,Lupus,ARA,"(134.42820739746094, 530.8955688476562, 157.2882080078125, 543.8675537109375)"
50,Lupus,CENTAURUS,"(358.6121826171875, 330.97552490234375, 428.1161804199219, 343.947509765625)"
50,Lupus,CIRCINUS,"(280.5641784667969, 534.9755249023438, 336.544189453125, 547.947509765625)"
50,Lupus,LIBRA,"(273.96417236328125, 240.2314910888672, 307.20416259765625, 253.2034912109375)"
50,Lupus,LUPUS,"(252.53216552734375, 316.467529296875, 289.588134765625, 329.43951416015625)"
50,Lupus,NORMA,"(210.37615966796875, 490.863525390625, 254.1881561279297, 503.83551025390625)"
50,Lupus,SCORPIUS,"(120.10015869140625, 329.76348876953125, 178.34815979003906, 342.7355041503906)"
50,Lupus,HYDRA,"(451.35888671875, 302.50054931640625, 491.77490234375, 315.4725341796875)"
51,Lynx,LYNX,"(259.71240234375, 378.58013916015625, 288.21240234375, 391.5521240234375)"
51,Lynx,LEO,"(101.5385971069336, 521.8877563476562, 123.37860107421875, 534.8597412109375)"
51,Lynx,AURIGA,"(437.1305847167969, 398.77972412109375, 481.6266174316406, 411.751708984375)"
51,Lynx,GEMINI,"(341.6225891113281, 497.8516845703125, 384.4745178222656, 510.8236999511719)"
51,Lynx,URSA,"(98.69459533691406, 286.60369873046875, 129.1505889892578, 299.57568359375)"
51,Lynx,MAJOR,"(93.61859130859375, 299.7197265625, 134.21458435058594, 312.69171142578125)"
51,Lynx,CANCER,"(179.34658813476562, 563.4197387695312, 226.21859741210938, 576.3917236328125)"
51,Lynx,CAMELOPARDALIS,"(332.2865905761719, 226.8677215576172, 438.9665832519531, 239.8397216796875)"
52,Lyra,LYRA,"(311.5111999511719, 307.04254150390625, 339.3392028808594, 320.0145263671875)"
52,Lyra,HERCULES,"(412.647216796875, 243.11851501464844, 472.8992004394531, 256.09051513671875)"
52,Lyra,VULPECULA,"(166.7672119140625, 550.1985473632812, 235.62322998046875, 563.1705322265625)"
52,Lyra,CYGNUS,"(188.70559692382812, 246.07908630371094, 236.57359313964844, 259.05108642578125)"
53,Mensa,CHAMAELEON,"(157.1605987548828, 566.1504516601562, 239.48060607910156, 579.1224365234375)"
53,Mensa,DORADO,"(305.7445983886719, 236.4023895263672, 357.6686096191406, 249.3743896484375)"
53,Mensa,HYDRUS,"(429.76458740234375, 417.74639892578125, 477.7406005859375, 430.7183837890625)"
53,Mensa,MENSA,"(278.2525634765625, 421.910400390625, 319.0045471191406, 434.88238525390625)"
53,Mensa,RETICULUM,"(415.52056884765625, 214.0343475341797, 483.08050537109375, 227.00634765625)"
53,Mensa,VOLANS,"(148.340576171875, 319.39434814453125, 195.44058227539062, 332.3663330078125)"
53,Mensa,OCTANS,"(366.8525085449219, 567.4248657226562, 413.6045227050781, 580.3968505859375)"
54,Microscopium,CAPRICORNUS,"(272.0145263671875, 262.75323486328125, 342.2845153808594, 273.563232421875)"
54,Microscopium,GRUS,"(186.48452758789062, 498.063232421875, 212.384521484375, 508.87322998046875)"
54,Microscopium,MICROSCOPIUM,"(261.8645324707031, 404.2232360839844, 340.78448486328125, 415.0332336425781)"
54,Microscopium,PISCIS,"(150.19290161132812, 313.9656982421875, 180.8129119873047, 324.77569580078125)"
54,Microscopium,AUSTRINUS,"(137.82290649414062, 331.4457092285156, 193.1829376220703, 342.2557067871094)"
54,Microscopium,INDUS,"(263.5129089355469, 550.9357299804688, 294.30291748046875, 561.7457275390625)"
54,Microscopium,SAGIT TARIUS,"(408.1029052734375, 436.335693359375, 472.15289306640625, 447.14569091796875)"
55,Monoceros,CANIS MAJOR,"(267.3735046386719, 572.1651000976562, 348.27752685546875, 585.1370849609375)"
55,Monoceros,CANIS,"(244.44149780273438, 331.45709228515625, 279.68548583984375, 344.4291076660156)"
55,Monoceros,MINOR,"(242.1614990234375, 344.56109619140625, 281.9534912109375, 357.5331115722656)"
55,Monoceros,CANCER,"(103.96949768066406, 243.2330780029297, 150.8415069580078, 256.205078125)"
55,Monoceros,GEMINI,"(241.5135040283203, 256.589111328125, 284.3654479980469, 269.56109619140625)"
55,Monoceros,LEPUS,"(457.8375244140625, 496.9130859375, 493.66949462890625, 509.8851013183594)"
55,Monoceros,MONOCEROS,"(199.6815185546875, 425.153076171875, 276.45751953125, 438.1250915527344)"
55,Monoceros,ORION,"(463.77752685546875, 338.1890869140625, 502.22552490234375, 351.16107177734375)"
55,Monoceros,HYDRA,"(102.96240234375, 352.18701171875, 143.37840270996094, 365.1590270996094)"
55,Monoceros,PUPPIS,"(128.72640991210938, 511.43902587890625, 170.0424041748047, 524.4110107421875)"
56,Musca,APUS,"(177.69479370117188, 453.349609375, 207.9587860107422, 466.3216247558594)"
56,Musca,CHAMAELEON,"(270.3227844238281, 489.92559814453125, 352.64276123046875, 502.8976135253906)"
56,Musca,CRUX,"(283.59478759765625, 298.74163818359375, 314.518798828125, 311.713623046875)"
56,Musca,MUSCA,"(312.5148010253906, 420.37359619140625, 354.1908264160156, 433.3456115722656)"
56,Musca,CENTAURUS,"(151.91160583496094, 256.24273681640625, 221.41561889648438, 269.2147216796875)"
56,Musca,CARINA,"(400.839599609375, 413.5386962890625, 445.02362060546875, 426.5107116699219)"
56,Musca,CIRCINUS,"(131.48760986328125, 397.99871826171875, 187.46762084960938, 410.970703125)"
57,Norma,ARA,"(161.00979614257812, 443.56744384765625, 183.8697967529297, 456.5394287109375)"
57,Norma,CIRCINUS,"(353.8017883300781, 467.06341552734375, 409.78179931640625, 480.0354309082031)"
57,Norma,LUPUS,"(434.72979736328125, 335.939453125, 471.7857666015625, 348.91143798828125)"
57,Norma,NORMA,"(276.101806640625, 397.78741455078125, 319.9137878417969, 410.7594299316406)"
57,Norma,TRIANGULUM,"(248.05780029296875, 550.6314697265625, 326.6337890625, 563.6034545898438)"
57,Norma,AUSTRALE,"(257.64581298828125, 568.115478515625, 317.04583740234375, 581.0874633789062)"
57,Norma,SCORPIUS,"(106.39399719238281, 237.4727020263672, 164.64198303222656, 250.4447021484375)"
58,Octans,APUS,"(321.6308898925781, 546.4463500976562, 351.8948974609375, 559.4183349609375)"
58,Octans,MENSA,"(114.03089904785156, 264.9503173828125, 154.78289794921875, 277.92230224609375)"
58,Octans,OCTANS,"(311.8748779296875, 444.80633544921875, 358.62689208984375, 457.7783203125)"
58,Octans,CHAMAELEON,"(97.89700317382812, 481.61138916015625, 180.2169952392578, 494.5834045410156)"
58,Octans,HYDRUS,"(243.30099487304688, 259.25140380859375, 291.2770080566406, 272.223388671875)"
58,Octans,TUCANA,"(422.6289978027344, 228.12339782714844, 470.8810119628906, 241.09539794921875)"
58,Octans,INDUS,"(412.260986328125, 306.35137939453125, 449.208984375, 319.3233642578125)"
58,Octans,PAVO,"(397.1889953613281, 484.52734375, 427.3809814453125, 497.4993591308594)"
59,Ophiuchus,OPHIUCHUS,"(250.6313018798828, 308.09381103515625, 321.2752685546875, 321.0657958984375)"
59,Ophiuchus,SCORPIUS,"(384.8153076171875, 594.02978515625, 443.06329345703125, 607.0017700195312)"
59,Ophiuchus,SCUTUM,"(114.21533203125, 430.74578857421875, 163.6193389892578, 443.7177734375)"
59,Ophiuchus,SERPENS CAUDA,"(195.77932739257812, 433.9737548828125, 292.88336181640625, 446.9457702636719)"
59,Ophiuchus,SAGIT TARIUS,"(122.26732635498047, 590.8617553710938, 199.12733459472656, 603.833740234375)"
59,Ophiuchus,HERCULES,"(262.9765930175781, 161.84568786621094, 323.22857666015625, 174.81768798828125)"
59,Ophiuchus,SERPENS,"(448.724609375, 310.94573974609375, 499.79656982421875, 323.917724609375)"
59,Ophiuchus,CAPUT,"(455.0126037597656, 324.06170654296875, 493.50860595703125, 337.0337219238281)"
60,Orion,CANIS,"(149.7895965576172, 561.2207641601562, 185.03358459472656, 574.1927490234375)"
60,Orion,MAJOR,"(147.1136016845703, 574.3247680664062, 187.7095947265625, 587.2967529296875)"
60,Orion,GEMINI,"(137.42959594726562, 273.78472900390625, 180.2816162109375, 286.7567138671875)"
60,Orion,LEPUS,"(280.8775939941406, 574.0367431640625, 316.7095642089844, 587.0087280273438)"
60,Orion,ORION,"(296.0216064453125, 323.668701171875, 334.4696044921875, 336.6407165527344)"
60,Orion,TAURUS,"(412.5776062011719, 225.72471618652344, 457.87762451171875, 238.69671630859375)"
60,Orion,MONOCEROS,"(102.3906021118164, 471.82574462890625, 179.16659545898438, 484.7977294921875)"
60,Orion,AURIGA,"(180.60659790039062, 163.7856903076172, 225.10260009765625, 176.7576904296875)"
60,Orion,ERIDANUS,"(402.7986145019531, 577.4257202148438, 462.7986145019531, 590.397705078125)"
61,Pavo,APUS,"(376.8432922363281, 524.2393188476562, 407.1072998046875, 537.2113037109375)"
61,Pavo,ARA,"(454.1352844238281, 347.94732666015625, 476.99530029296875, 360.9193115234375)"
61,Pavo,INDUS,"(105.82330322265625, 333.1392822265625, 142.77130126953125, 346.1112976074219)"
61,Pavo,OCTANS,"(266.95928955078125, 522.1273193359375, 313.7113037109375, 535.0993041992188)"
61,Pavo,PAVO,"(280.0752868652344, 377.29931640625, 310.26727294921875, 390.27130126953125)"
61,Pavo,TELESCOPIUM,"(254.63528442382812, 238.74729919433594, 336.96722412109375, 251.71929931640625)"
61,Pavo,AUSTRALE,"(443.40728759765625, 493.38726806640625, 502.80731201171875, 506.3592834472656)"
61,Pavo,TRIANGULUM,"(421.9740905761719, 480.78912353515625, 500.550048828125, 493.7611083984375)"
61,Pavo,TUCANA,"(102.99008178710938, 446.7091064453125, 151.24208068847656, 459.6811218261719)"
62,Pegasus,ANDROMEDA,"(142.77639770507812, 295.43023681640625, 220.42837524414062, 308.4022216796875)"
62,Pegasus,AQUARIUS,"(266.73638916015625, 524.2102661132812, 327.5763854980469, 537.1822509765625)"
62,Pegasus,CYGNUS,"(433.0924072265625, 299.53424072265625, 480.96044921875, 312.5062255859375)"
62,Pegasus,DELPHINUS,"(411.20440673828125, 394.07025146484375, 478.48834228515625, 407.042236328125)"
62,Pegasus,EQUULEUS,"(382.2484130859375, 478.9942626953125, 444.8763732910156, 491.96624755859375)"
62,Pegasus,LACERTA,"(282.6244201660156, 264.6502685546875, 333.42041015625, 277.62225341796875)"
62,Pegasus,PEGASUS,"(290.3044128417969, 395.5462646484375, 343.62042236328125, 408.51824951171875)"
62,Pegasus,PISCES,"(117.63819885253906, 464.80181884765625, 157.22621154785156, 477.7738037109375)"
62,Pegasus,VULPECULA,"(401.47418212890625, 362.86181640625, 470.3301086425781, 375.83380126953125)"
63,Perseus,AURIGA,"(105.07859802246094, 388.62994384765625, 149.5745849609375, 401.6019287109375)"
63,Perseus,CAMELOPARDALIS,"(163.5305938720703, 236.4579315185547, 270.2106018066406, 249.429931640625)"
63,Perseus,PERSEUS,"(218.5865936279297, 395.49395751953125, 269.526611328125, 408.4659423828125)"
63,Perseus,TRIANGULUM,"(413.46661376953125, 487.1739501953125, 492.0426025390625, 500.14593505859375)"
63,Perseus,CASSIOPEIA,"(335.98388671875, 241.4438934326172, 405.8118896484375, 254.4158935546875)"
63,Perseus,TAURUS,"(171.29588317871094, 556.035888671875, 216.59588623046875, 569.0078735351562)"
63,Perseus,ARIES,"(427.45989990234375, 572.7879028320312, 460.33990478515625, 585.7598876953125)"
63,Perseus,ANDROMEDA,"(407.263916015625, 371.79986572265625, 484.9159240722656, 384.7718811035156)"
64,Phoenix,HOROLOGIUM,"(115.97850036621094, 472.4501953125, 198.73048400878906, 485.4222106933594)"
64,Phoenix,PHOENIX,"(342.27447509765625, 447.8621826171875, 394.83441162109375, 460.8341979980469)"
64,Phoenix,RETICU,"(93.62246704101562, 513.730224609375, 140.45848083496094, 526.7022094726562)"
64,Phoenix,LUM,"(104.8304672241211, 526.834228515625, 129.23846435546875, 539.8062133789062)"
64,Phoenix,SCULPTOR,"(320.87847900390625, 266.49420166015625, 381.814453125, 279.4661865234375)"
64,Phoenix,TUCANA,"(366.74249267578125, 515.3021850585938, 414.9945068359375, 528.274169921875)"
64,Phoenix,ERIDANUS,"(97.8926010131836, 380.6201171875, 157.89260864257812, 393.59210205078125)"
64,Phoenix,FORNAX,"(129.75259399414062, 307.80413818359375, 177.50059509277344, 320.776123046875)"
64,Phoenix,GRUS,"(454.6045837402344, 479.6561279296875, 485.6845703125, 492.62811279296875)"
64,Phoenix,HYDRUS,"(223.32858276367188, 585.004150390625, 271.3045654296875, 597.9761352539062)"
65,Pictor,CAELUM,"(410.533203125, 245.3970184326172, 458.4132080078125, 258.3690185546875)"
65,Pictor,COLUMBA,"(285.0491943359375, 271.20904541015625, 342.58917236328125, 284.1810302734375)"
65,Pictor,DORADO,"(337.8132019042969, 469.197021484375, 389.7372131347656, 482.1690368652344)"
65,Pictor,PICTOR,"(287.90521240234375, 350.39703369140625, 330.43316650390625, 363.3690490722656)"
65,Pictor,RETICULUM,"(406.2972106933594, 546.4890747070312, 473.857177734375, 559.4610595703125)"
65,Pictor,PUPPIS,"(156.44729614257812, 322.92041015625, 197.76329040527344, 335.8924255371094)"
65,Pictor,CARINA,"(110.34329223632812, 476.32843017578125, 154.52728271484375, 489.3004150390625)"
65,Pictor,VOLANS,"(167.1392822265625, 572.7124633789062, 214.23928833007812, 585.6844482421875)"
66,Pisces,ANDROMEDA,"(335.12060546875, 259.49224853515625, 412.7726135253906, 272.4642333984375)"
66,Pisces,AQUARIUS,"(354.5845947265625, 520.9122314453125, 415.4245910644531, 533.8842163085938)"
66,Pisces,ARIES,"(133.90460205078125, 367.876220703125, 166.78460693359375, 380.84820556640625)"
66,Pisces,CETUS,"(200.2165985107422, 502.66021728515625, 237.00860595703125, 515.6322021484375)"
66,Pisces,PEGASUS,"(347.276611328125, 350.6322021484375, 400.59259033203125, 363.60418701171875)"
66,Pisces,PISCES,"(270.8846130371094, 398.70416259765625, 310.47259521484375, 411.6761779785156)"
66,Pisces,TRIANGULUM,"(141.96861267089844, 285.13616943359375, 220.54461669921875, 298.108154296875)"
67,Piscis Austrinus,CAPRICORNUS,"(410.5434875488281, 334.37890625, 494.86749267578125, 347.3509216308594)"
67,Piscis Austrinus,GRUS,"(215.32748413085938, 555.3949584960938, 246.40748596191406, 568.366943359375)"
67,Piscis Austrinus,MICRO,"(437.90350341796875, 479.5189208984375, 481.9914855957031, 492.49090576171875)"
67,Piscis Austrinus,SCOPIUM,"(432.8034973144531, 497.0029296875, 487.10345458984375, 509.97491455078125)"
67,Piscis Austrinus,PISCIS AUSTRINUS,"(251.26748657226562, 464.8309326171875, 359.5074768066406, 477.80291748046875)"
67,Piscis Austrinus,SCULPTOR,"(98.25440216064453, 465.31451416015625, 159.19039916992188, 478.2865295410156)"
67,Piscis Austrinus,AQUARIUS,"(239.47039794921875, 233.3304901123047, 300.3103942871094, 246.302490234375)"
68,Puppis,CARINA,"(279.1611022949219, 600.3301391601562, 323.3451232910156, 613.3021240234375)"
68,Puppis,CANIS,"(377.1890869140625, 337.5421142578125, 412.43310546875, 350.51409912109375)"
68,Puppis,MAJOR,"(374.5130920410156, 350.6461181640625, 415.1091003417969, 363.61810302734375)"
68,Puppis,COLUMBA,"(388.5531005859375, 461.86212158203125, 446.09307861328125, 474.8341064453125)"
68,Puppis,MONOCEROS,"(258.4371032714844, 158.7061004638672, 335.21307373046875, 171.6781005859375)"
68,Puppis,PICTOR,"(445.4450988769531, 613.1580810546875, 487.9730529785156, 626.1300659179688)"
68,Puppis,PUPPIS,"(247.32510375976562, 393.35406494140625, 288.6410827636719, 406.3260803222656)"
68,Puppis,PYXIS,"(133.51759338378906, 340.8356628417969, 169.2860565185547, 355.0041198730469)"
68,Puppis,VELA,"(125.62010192871094, 556.7334594726562, 154.30010986328125, 569.7054443359375)"
68,Puppis,HYDRA,"(124.61209869384766, 173.23741149902344, 165.02809143066406, 186.20941162109375)"
69,Pyxis,HYDRA,"(159.91209411621094, 282.97662353515625, 200.32809448242188, 295.9486083984375)"
69,Pyxis,PUPPIS,"(448.38006591796875, 460.33660888671875, 489.6960144042969, 473.30859375)"
69,Pyxis,PYXIS,"(289.3080749511719, 321.85662841796875, 322.0560607910156, 334.82861328125)"
69,Pyxis,ANTLIA,"(153.45559692382812, 466.72271728515625, 195.6595916748047, 479.6947021484375)"
69,Pyxis,VELA,"(189.76759338378906, 572.2387084960938, 218.44760131835938, 585.210693359375)"
70,Reticulum,DORADO,"(178.3271026611328, 442.33990478515625, 230.2510986328125, 455.3119201660156)"
70,Reticulum,HOROLOGIUM,"(299.86309814453125, 279.0439453125, 382.61505126953125, 292.01593017578125)"
70,Reticulum,HYDRUS,"(365.98309326171875, 566.251953125, 413.9591064453125, 579.2239379882812)"
70,Reticulum,PICTOR,"(101.839111328125, 297.35595703125, 144.3671112060547, 310.32794189453125)"
70,Reticulum,RETICULUM,"(279.1631164550781, 378.6319580078125, 346.72308349609375, 391.60394287109375)"
70,Reticulum,ERIDANUS,"(417.8324890136719, 238.4980926513672, 477.8324890136719, 251.4700927734375)"
70,Reticulum,MENSA,"(204.12448120117188, 564.1061401367188, 244.87648010253906, 577.078125)"
71,Sagitta,AQUILA,"(279.4482116699219, 537.3467407226562, 323.7281799316406, 550.3187255859375)"
71,Sagitta,CYGNUS,"(122.668212890625, 241.2107391357422, 170.5362091064453, 254.1827392578125)"
71,Sagitta,LYRA,"(328.69622802734375, 242.42271423339844, 356.52423095703125, 255.39471435546875)"
71,Sagitta,SAGIT TA,"(305.3922119140625, 425.1107177734375, 354.3762512207031, 438.08270263671875)"
71,Sagitta,VULPECULA,"(269.7042236328125, 370.82269287109375, 338.5601501464844, 383.7947082519531)"
71,Sagitta,DEL,"(117.37349700927734, 418.97900390625, 144.0255126953125, 431.9510192871094)"
71,Sagitta,PHINUS,"(108.57749938964844, 429.9830322265625, 152.83349609375, 442.95501708984375)"
71,Sagitta,HERCULES,"(413.25750732421875, 457.2950439453125, 473.5094909667969, 470.26702880859375)"
72,Sagittarius,ARA,"(401.279296875, 570.5684204101562, 424.1393127441406, 583.5404052734375)"
72,Sagittarius,CORONA,"(300.28729248046875, 499.84039306640625, 350.6272888183594, 512.8123779296875)"
72,Sagittarius,AUSTRALIS,"(293.6632995605469, 512.9443969726562, 357.2513122558594, 525.9163818359375)"
72,Sagittarius,INDUS,"(119.63929748535156, 581.4164428710938, 156.5872802734375, 594.388427734375)"
72,Sagittarius,SCUTUM,"(314.26727294921875, 249.6404266357422, 363.6712646484375, 262.6124267578125)"
72,Sagittarius,SERPENS CAUDA,"(402.21527099609375, 260.10443115234375, 499.31927490234375, 273.076416015625)"
72,Sagittarius,SAGIT TARIUS,"(212.603271484375, 433.1444091796875, 289.4632873535156, 446.1164245605469)"
72,Sagittarius,TELESCOPIUM,"(207.89927673339844, 551.2964477539062, 290.23126220703125, 564.2684326171875)"
72,Sagittarius,AQUILA,"(202.27830505371094, 214.7808074951172, 246.5583038330078, 227.7528076171875)"
72,Sagittarius,CAPRI,"(106.89030456542969, 356.548828125, 146.4423065185547, 369.52081298828125)"
72,Sagittarius,CORNUS,"(102.43830871582031, 369.65283203125, 150.89430236816406, 382.62481689453125)"
72,Sagittarius,SCORPIUS,"(432.46234130859375, 456.5328369140625, 490.7103271484375, 469.50482177734375)"
73,Scorpius,ARA,"(189.59280395507812, 581.4854125976562, 212.4528045654297, 594.4573974609375)"
73,Scorpius,LIBRA,"(454.6968078613281, 381.90142822265625, 487.9367980957031, 394.8734130859375)"
73,Scorpius,LUPUS,"(431.38079833984375, 464.56939697265625, 468.436767578125, 477.5414123535156)"
73,Scorpius,NORMA,"(316.1328125, 608.1134643554688, 359.9447937011719, 621.08544921875)"
73,Scorpius,OPHIUCHUS,"(162.79681396484375, 221.6533660888672, 233.44082641601562, 234.6253662109375)"
73,Scorpius,SCORPIUS,"(301.8408203125, 437.4013671875, 360.08880615234375, 450.37335205078125)"
73,Scorpius,SERPENS CAUDA,"(104.1168212890625, 284.22137451171875, 201.22080993652344, 297.193359375)"
73,Scorpius,SAGIT TARIUS,"(91.70210266113281, 343.44970703125, 168.5620880126953, 356.4217224121094)"
73,Scorpius,SERPENS CAPUT,"(370.798095703125, 152.6737518310547, 465.4300537109375, 165.645751953125)"
74,Sculptor,CETUS,"(181.9394989013672, 246.36143493652344, 218.73150634765625, 259.33343505859375)"
74,Sculptor,GRUS,"(448.31549072265625, 515.9774780273438, 479.3955078125, 528.949462890625)"
74,Sculptor,PHOENIX,"(214.41148376464844, 502.65740966796875, 266.97149658203125, 515.62939453125)"
74,Sculptor,SCULPTOR,"(213.5474853515625, 418.4774169921875, 274.4834899902344, 431.4494323730469)"
74,Sculptor,FORNAX,"(99.57469940185547, 428.91900634765625, 147.32269287109375, 441.8910217285156)"
74,Sculptor,AQUARIUS,"(380.6627197265625, 328.88702392578125, 441.5027160644531, 341.8590087890625)"
75,Scutum,AQUILA,"(155.6938018798828, 341.8876953125, 199.9738006591797, 354.8597106933594)"
75,Scutum,OPHIUCHUS,"(378.173828125, 187.80772399902344, 448.8177795410156, 200.77972412109375)"
75,Scutum,SCUTUM,"(259.7098388671875, 414.73974609375, 309.11383056640625, 427.71173095703125)"
75,Scutum,SERPENS,"(390.3178405761719, 414.16375732421875, 441.3898010253906, 427.1357421875)"
75,Scutum,CAUDA,"(395.3698425292969, 431.6357421875, 436.337890625, 444.60772705078125)"
75,Scutum,SAGIT TARIUS,"(118.94985961914062, 593.2637329101562, 195.8098602294922, 606.2357177734375)"
76,Serpens Caput,BOOTES,"(428.52099609375, 258.5078125, 474.52899169921875, 271.47979736328125)"
76,Serpens Caput,SERPENS,"(315.92498779296875, 411.09979248046875, 366.9969482421875, 424.07177734375)"
76,Serpens Caput,CAPUT,"(322.2129821777344, 422.103759765625, 360.708984375, 435.0757751464844)"
76,Serpens Caput,OPHIUCHUS,"(129.89889526367188, 579.0215454101562, 200.54290771484375, 591.9935302734375)"
76,Serpens Caput,HERCULES,"(118.618896484375, 230.4335174560547, 178.87091064453125, 243.405517578125)"
76,Serpens Caput,CORONA,"(253.6428985595703, 151.82151794433594, 303.9828796386719, 164.79351806640625)"
76,Serpens Caput,BOREALIS,"(250.45089721679688, 162.82554626464844, 307.1868896484375, 175.79754638671875)"
76,Serpens Caput,VIRGO,"(443.87890625, 462.5135498046875, 480.7548828125, 475.4855651855469)"
76,Serpens Caput,LIBRA,"(270.0469055175781, 587.517578125, 303.2868957519531, 600.4895629882812)"
77,Serpens Cauda,OPHIUCHUS,"(403.8930969238281, 253.74913024902344, 474.53704833984375, 266.72113037109375)"
77,Serpens Cauda,SCUTUM,"(180.3210906982422, 468.4171142578125, 229.72509765625, 481.3891296386719)"
77,Serpens Cauda,SERPENS CAUDA,"(291.7890930175781, 462.34515380859375, 388.8930969238281, 475.317138671875)"
77,Serpens Cauda,SAGIT TARIUS,"(109.86909484863281, 603.0811157226562, 186.72911071777344, 616.0531005859375)"
77,Serpens Cauda,AQUILA,"(132.96290588378906, 345.62261962890625, 177.24290466308594, 358.5946044921875)"
77,Serpens Cauda,HERCULES,"(179.1029052734375, 144.3945770263672, 239.35491943359375, 157.3665771484375)"
78,Sextans,CRATER,"(102.05370330810547, 528.3848266601562, 145.75770568847656, 541.3568115234375)"
78,Sextans,HYDRA,"(351.8576965332031, 536.7488403320312, 392.2737121582031, 549.7208251953125)"
78,Sextans,LEO,"(227.02169799804688, 237.4928436279297, 248.86170959472656, 250.46484375)"
78,Sextans,SEXTANS,"(267.293701171875, 371.42486572265625, 318.5816955566406, 384.3968505859375)"
78,Sextans,CANCER,"(438.3481140136719, 229.2212371826172, 485.2201232910156, 242.1932373046875)"
79,Taurus,ORION,"(218.80320739746094, 503.28326416015625, 257.251220703125, 516.2552490234375)"
79,Taurus,TAURUS,"(396.69122314453125, 403.69525146484375, 441.9912414550781, 416.667236328125)"
79,Taurus,PERSEUS,"(319.9902038574219, 221.7344207763672, 370.93017578125, 234.7064208984375)"
79,Taurus,AURIGA,"(100.53421020507812, 227.9264373779297, 145.03021240234375, 240.8984375)"
79,Taurus,ERIDANUS,"(433.8102111816406, 562.9304809570312, 493.8102111816406, 575.9024658203125)"
79,Taurus,ARIES,"(461.8569030761719, 334.2420349121094, 497.7755432128906, 348.4128723144531)"
80,Telescopium,ARA,"(442.6986999511719, 458.8212890625, 465.5587158203125, 471.7933044433594)"
80,Telescopium,CORONA,"(349.3027038574219, 317.02935791015625, 399.6427001953125, 330.0013427734375)"
80,Telescopium,AUSTRALIS,"(342.6787109375, 330.13336181640625, 406.2667236328125, 343.1053466796875)"
80,Telescopium,INDUS,"(96.6427001953125, 452.94134521484375, 133.5906982421875, 465.913330078125)"
80,Telescopium,MICROSCOPIUM,"(106.2667007446289, 296.43731689453125, 200.97068786621094, 309.4093017578125)"
80,Telescopium,PAVO,"(263.99468994140625, 505.84930419921875, 294.1866760253906, 518.8212890625)"
80,Telescopium,SAGIT TARIUS,"(241.79469299316406, 255.09727478027344, 318.65472412109375, 268.06927490234375)"
80,Telescopium,TELESCOPIUM,"(219.71469116210938, 394.57330322265625, 302.046630859375, 407.5452880859375)"
80,Telescopium,SCORPIUS,"(445.3544921875, 293.22760009765625, 503.60247802734375, 306.1995849609375)"
81,Triangulum,ANDROMEDA,"(332.98968505859375, 319.75982666015625, 410.6416931152344, 332.7318115234375)"
81,Triangulum,ARIES,"(218.97767639160156, 509.23980712890625, 251.857666015625, 522.2117919921875)"
81,Triangulum,TRIANGULUM,"(248.32968139648438, 411.66778564453125, 326.9056396484375, 424.6398010253906)"
81,Triangulum,PERSEUS,"(101.87940216064453, 336.89068603515625, 152.8194122314453, 349.8627014160156)"
81,Triangulum,PISCES,"(352.6913757324219, 498.05072021484375, 392.27935791015625, 511.022705078125)"
82,Triangulum Australe,APUS,"(291.5390930175781, 537.5791625976562, 321.8031005859375, 550.5511474609375)"
82,Triangulum Australe,ARA,"(158.48309326171875, 286.359130859375, 181.3430938720703, 299.33111572265625)"
82,Triangulum Australe,CIRCINUS,"(352.73907470703125, 310.0831298828125, 408.7190856933594, 323.05511474609375)"
82,Triangulum Australe,MUSCA,"(445.9070739746094, 569.4271240234375, 487.5830993652344, 582.3991088867188)"
82,Triangulum Australe,TRIANGULUM,"(257.32708740234375, 350.95513916015625, 335.903076171875, 363.9271240234375)"
82,Triangulum Australe,AUSTRALE,"(266.91510009765625, 361.9591064453125, 326.31512451171875, 374.9311218261719)"
82,Triangulum Australe,PAVO,"(105.17970275878906, 437.79302978515625, 135.3717041015625, 450.7650146484375)"
82,Triangulum Australe,CENTAURUS,"(416.32769775390625, 397.30499267578125, 485.8316955566406, 410.2770080566406)"
82,Triangulum Australe,NORMA,"(267.335693359375, 236.4690399169922, 311.1476745605469, 249.4410400390625)"
82,Triangulum Australe,LUPUS,"(410.60369873046875, 281.9610595703125, 447.65966796875, 294.93304443359375)"
83,Tucana,HYDRUS,"(163.19679260253906, 566.5098266601562, 211.17279052734375, 579.4818115234375)"
83,Tucana,OCTANS,"(313.7727966308594, 548.0057983398438, 360.5248107910156, 560.977783203125)"
83,Tucana,PHOENIX,"(196.61680603027344, 262.51385498046875, 249.1768035888672, 275.48583984375)"
83,Tucana,TUCANA,"(317.67279052734375, 409.16583251953125, 365.9248046875, 422.1378173828125)"
83,Tucana,INDUS,"(356.0566101074219, 468.95562744140625, 393.0046081542969, 481.9276123046875)"
83,Tucana,GRUS,"(420.484619140625, 279.943603515625, 451.56463623046875, 292.91558837890625)"
84,Ursa Major,COMA BERENICES,"(94.4384994506836, 522.0000610351562, 197.91452026367188, 534.9720458984375)"
84,Ursa Major,CANES,"(102.0824966430664, 440.30401611328125, 140.17050170898438, 453.2760009765625)"
84,Ursa Major,VENATICI,"(94.31849670410156, 451.3079833984375, 147.92250061035156, 464.2799987792969)"
84,Ursa Major,LEO MINOR,"(342.802490234375, 470.07598876953125, 409.4984130859375, 483.0480041503906)"
84,Ursa Major,LYNX,"(442.594482421875, 320.74798583984375, 471.094482421875, 333.7200012207031)"
84,Ursa Major,URSA MAJOR,"(279.094482421875, 408.64801025390625, 355.21051025390625, 421.6199951171875)"
84,Ursa Major,BOOTES,"(98.91549682617188, 315.78765869140625, 144.92349243164062, 328.7596435546875)"
84,Ursa Major,DRACO,"(95.72349548339844, 271.4476318359375, 136.47549438476562, 284.41961669921875)"
84,Ursa Major,CAMELOPARDALIS,"(371.83148193359375, 234.0555877685547, 478.511474609375, 247.027587890625)"
84,Ursa Major,LEO,"(404.927490234375, 547.8676147460938, 426.7674560546875, 560.839599609375)"
84,Ursa Major,CANCER,"(459.02349853515625, 500.91156005859375, 505.8955078125, 513.883544921875)"
85,Ursa Minor,DRACO,"(115.66259765625, 598.3818969726562, 156.4145965576172, 611.3538818359375)"
85,Ursa Minor,URSA,"(312.3666076660156, 511.2379150390625, 342.8226318359375, 524.2098999023438)"
85,Ursa Minor,MINOR,"(307.6986083984375, 522.2418823242188, 347.4905700683594, 535.2138671875)"
85,Ursa Minor,CEPHEUS,"(103.50830078125, 240.6919403076172, 156.76429748535156, 253.6639404296875)"
85,Ursa Minor,CAMELO,"(419.2523193359375, 241.80796813964844, 472.8682861328125, 254.77996826171875)"
85,Ursa Minor,PARDALIS,"(417.6803283691406, 252.81199645996094, 474.4283447265625, 265.78399658203125)"
85,Ursa Minor,URSA,"(417.2003173828125, 605.7319946289062, 447.6563415527344, 618.7039794921875)"
85,Ursa Minor,MAJOR,"(412.12432861328125, 623.2039794921875, 452.7203369140625, 636.1759643554688)"
86,Vela,ANTLIA,"(201.24659729003906, 295.97662353515625, 243.4506072998047, 308.9486083984375)"
86,Vela,CARINA,"(284.58660888671875, 536.8406372070312, 328.7706298828125, 549.8126220703125)"
86,Vela,CRUX,"(107.91061401367188, 528.0206298828125, 138.83460998535156, 540.9926147460938)"
86,Vela,PUPPIS,"(448.6626281738281, 252.5846405029297, 489.97857666015625, 265.556640625)"
86,Vela,PYXIS,"(332.50262451171875, 262.85662841796875, 365.2506103515625, 275.82861328125)"
86,Vela,VELA,"(292.1346130371094, 393.23663330078125, 320.8145751953125, 406.2086181640625)"
86,Vela,CENTAURUS,"(93.34619903564453, 405.212890625, 162.85020446777344, 418.1849060058594)"
87,Virgo,CRATER,"(446.34368896484375, 491.337890625, 490.04766845703125, 504.3099060058594)"
87,Virgo,CORVUS,"(348.44769287109375, 489.48992919921875, 395.7996826171875, 502.4619140625)"
87,Virgo,LIBRA,"(144.5196990966797, 510.21392822265625, 177.75970458984375, 523.1859130859375)"
87,Virgo,VIRGO,"(282.4716796875, 358.6658935546875, 319.34765625, 371.6379089355469)"
87,Virgo,LEO,"(454.9458923339844, 261.2327880859375, 474.0318908691406, 272.56903076171875)"
87,Virgo,BOOTES,"(167.44430541992188, 304.74176025390625, 213.45230102539062, 317.7137451171875)"
87,Virgo,COMA BERENICES,"(290.768310546875, 249.97373962402344, 394.2442626953125, 262.94573974609375)"
88,Volans,CARINA,"(352.7890930175781, 241.6177215576172, 396.9731140136719, 254.5897216796875)"
88,Volans,CHAMAELEON,"(171.85308837890625, 565.677734375, 254.173095703125, 578.6497192382812)"
88,Volans,MENSA,"(357.9610900878906, 495.7657470703125, 398.71307373046875, 508.73773193359375)"
88,Volans,VOLANS,"(325.6571044921875, 369.03375244140625, 372.757080078125, 382.0057373046875)"
88,Volans,DORADO,"(412.7880859375, 411.6368408203125, 464.71209716796875, 424.60882568359375)"
89,Vulpecula,AQUILA,"(360.7568054199219, 560.9932250976562, 405.0367736816406, 573.9652099609375)"
89,Vulpecula,CYGNUS,"(277.9208068847656, 211.5652313232422, 325.788818359375, 224.5372314453125)"
89,Vulpecula,DELPHINUS,"(221.59280395507812, 447.377197265625, 288.8768005371094, 460.3492126464844)"
89,Vulpecula,EQUULEUS,"(149.1728057861328, 518.5492553710938, 211.80079650878906, 531.521240234375)"
89,Vulpecula,LYRA,"(408.8408203125, 290.5732421875, 436.6688232421875, 303.54522705078125)"
89,Vulpecula,SAGIT TA,"(392.71282958984375, 437.75323486328125, 441.6968688964844, 450.7252197265625)"
89,Vulpecula,VULPECULA,"(187.30882263183594, 385.2772216796875, 256.16485595703125, 398.24920654296875)"
89,Vulpecula,PEGASUS,"(129.5, 451.24420166015625, 182.8159942626953, 464.2162170410156)"
